,workflow_name,run_name,product_name,artefact_name,artefact_path,datetime
0,s2-preprocess,v1.0,S2A_MSIL2A_20190504T135121_N0211_R024_T22MCT_20190504T160455,B02,s3://sentinel-s2-l2a/tiles/22/M/CT/2019/5/4/0/R10m/B02.jp2,2019-05-04 13:51:21
1,s2-preprocess,v1.0,S2A_MSIL2A_20190504T135121_N0211_R024_T22MCT_20190504T160455,B03,s3://sentinel-s2-l2a/tiles/22/M/CT/2019/5/4/0/R10m/B03.jp2,2019-05-04 13:51:21
2,s2-preprocess,v1.0,S2A_MSIL2A_20190504T135121_N0211_R024_T22MCT_20190504T160455,B04,s3://sentinel-s2-l2a/tiles/22/M/CT/2019/5/4/0/R10m/B04.jp2,2019-05-04 13:51:21
3,s2-preprocess,v1.0,S2A_MSIL2A_20190504T135121_N0211_R024_T22MCT_20190504T160455,B05,s3://sentinel-s2-l2a/tiles/22/M/CT/2019/5/4/0/R20m/B05.jp2,2019-05-04 13:51:21
4,s2-preprocess,v1.0,S2A_MSIL2A_20190504T135121_N0211_R024_T22MCT_20190504T160455,B06,s3://sentinel-s2-l2a/tiles/22/M/CT/2019/5/4/0/R20m/B06.jp2,2019-05-04 13:51:21
5,s2-preprocess,v1.0,S2A_MSIL2A_20190504T135121_N0211_R024_T22MCT_20190504T160455,B07,s3://sentinel-s2-l2a/tiles/22/M/CT/2019/5/4/0/R20m/B07.jp2,2019-05-04 13:51:21
6,s2-preprocess,v1.0,S2A_MSIL2A_20190504T135121_N0211_R024_T22MCT_20190504T160455,B08,s3://sentinel-s2-l2a/tiles/22/M/CT/2019/5/4/0/R10m/B08.jp2,2019-05-04 13:51:21
7,s2-preprocess,v1.0,S2A_MSIL2A_20190504T135121_N0211_R024_T22MCT_20190504T160455,B11,s3://sentinel-s2-l2a/tiles/22/M/CT/2019/5/4/0/R20m/B11.jp2,2019-05-04 13:51:21
8,s2-preprocess,v1.0,S2A_MSIL2A_20190504T135121_N0211_R024_T22MCT_20190504T160455,B12,s3://sentinel-s2-l2a/tiles/22/M/CT/2019/5/4/0/R20m/B12.jp2,2019-05-04 13:51:21
9,s2-preprocess,v1.0,S2A_MSIL2A_20190504T135121_N0211_R024_T22MCT_20190504T160455,B8A,s3://sentinel-s2-l2a/tiles/22/M/CT/2019/5/4/0/R20m/B8A.jp2,2019-05-04 13:51:21
0,s2-generate_cloud_masks,v1.0-v2.0,S2A_MSIL2A_20190504T135121_N0211_R024_T22MCT_20190504T160455,cloud_mask,s3://mantlelabs-eu-s2/s2-generate_cloud_masks/v1.0-v2.0/S2A_MSIL2A_20190504T135121_N0211_R024_T22MCT_20190504T160455/cloud_mask/mask_0.0_certainty.tif,2019-05-04 13:51:21
10,s2-preprocess,v1.0,S2B_MSIL2A_20190509T135119_N0212_R024_T22MCT_20190509T160727,B02,s3://sentinel-s2-l2a/tiles/22/M/CT/2019/5/9/0/R10m/B02.jp2,2019-05-09 13:51:19
11,s2-preprocess,v1.0,S2B_MSIL2A_20190509T135119_N0212_R024_T22MCT_20190509T160727,B03,s3://sentinel-s2-l2a/tiles/22/M/CT/2019/5/9/0/R10m/B03.jp2,2019-05-09 13:51:19
12,s2-preprocess,v1.0,S2B_MSIL2A_20190509T135119_N0212_R024_T22MCT_20190509T160727,B04,s3://sentinel-s2-l2a/tiles/22/M/CT/2019/5/9/0/R10m/B04.jp2,2019-05-09 13:51:19
13,s2-preprocess,v1.0,S2B_MSIL2A_20190509T135119_N0212_R024_T22MCT_20190509T160727,B05,s3://sentinel-s2-l2a/tiles/22/M/CT/2019/5/9/0/R20m/B05.jp2,2019-05-09 13:51:19
14,s2-preprocess,v1.0,S2B_MSIL2A_20190509T135119_N0212_R024_T22MCT_20190509T160727,B06,s3://sentinel-s2-l2a/tiles/22/M/CT/2019/5/9/0/R20m/B06.jp2,2019-05-09 13:51:19
15,s2-preprocess,v1.0,S2B_MSIL2A_20190509T135119_N0212_R024_T22MCT_20190509T160727,B07,s3://sentinel-s2-l2a/tiles/22/M/CT/2019/5/9/0/R20m/B07.jp2,2019-05-09 13:51:19
16,s2-preprocess,v1.0,S2B_MSIL2A_20190509T135119_N0212_R024_T22MCT_20190509T160727,B08,s3://sentinel-s2-l2a/tiles/22/M/CT/2019/5/9/0/R10m/B08.jp2,2019-05-09 13:51:19
17,s2-preprocess,v1.0,S2B_MSIL2A_20190509T135119_N0212_R024_T22MCT_20190509T160727,B11,s3://sentinel-s2-l2a/tiles/22/M/CT/2019/5/9/0/R20m/B11.jp2,2019-05-09 13:51:19
18,s2-preprocess,v1.0,S2B_MSIL2A_20190509T135119_N0212_R024_T22MCT_20190509T160727,B12,s3://sentinel-s2-l2a/tiles/22/M/CT/2019/5/9/0/R20m/B12.jp2,2019-05-09 13:51:19
19,s2-preprocess,v1.0,S2B_MSIL2A_20190509T135119_N0212_R024_T22MCT_20190509T160727,B8A,s3://sentinel-s2-l2a/tiles/22/M/CT/2019/5/9/0/R20m/B8A.jp2,2019-05-09 13:51:19
2,s2-generate_cloud_masks,v1.0-v2.0,S2B_MSIL2A_20190509T135119_N0212_R024_T22MCT_20190509T160727,cloud_mask,s3://mantlelabs-eu-s2/s2-generate_cloud_masks/v1.0-v2.0/S2B_MSIL2A_20190509T135119_N0212_R024_T22MCT_20190509T160727/cloud_mask/mask_0.0_certainty.tif,2019-05-09 13:51:19
20,s2-preprocess,v1.0,S2A_MSIL2A_20190514T135121_N0212_R024_T22MCT_20190514T160622,B02,s3://sentinel-s2-l2a/tiles/22/M/CT/2019/5/14/0/R10m/B02.jp2,2019-05-14 13:51:21
21,s2-preprocess,v1.0,S2A_MSIL2A_20190514T135121_N0212_R024_T22MCT_20190514T160622,B03,s3://sentinel-s2-l2a/tiles/22/M/CT/2019/5/14/0/R10m/B03.jp2,2019-05-14 13:51:21
22,s2-preprocess,v1.0,S2A_MSIL2A_20190514T135121_N0212_R024_T22MCT_20190514T160622,B04,s3://sentinel-s2-l2a/tiles/22/M/CT/2019/5/14/0/R10m/B04.jp2,2019-05-14 13:51:21
23,s2-preprocess,v1.0,S2A_MSIL2A_20190514T135121_N0212_R024_T22MCT_20190514T160622,B05,s3://sentinel-s2-l2a/tiles/22/M/CT/2019/5/14/0/R20m/B05.jp2,2019-05-14 13:51:21
24,s2-preprocess,v1.0,S2A_MSIL2A_20190514T135121_N0212_R024_T22MCT_20190514T160622,B06,s3://sentinel-s2-l2a/tiles/22/M/CT/2019/5/14/0/R20m/B06.jp2,2019-05-14 13:51:21
25,s2-preprocess,v1.0,S2A_MSIL2A_20190514T135121_N0212_R024_T22MCT_20190514T160622,B07,s3://sentinel-s2-l2a/tiles/22/M/CT/2019/5/14/0/R20m/B07.jp2,2019-05-14 13:51:21
26,s2-preprocess,v1.0,S2A_MSIL2A_20190514T135121_N0212_R024_T22MCT_20190514T160622,B08,s3://sentinel-s2-l2a/tiles/22/M/CT/2019/5/14/0/R10m/B08.jp2,2019-05-14 13:51:21
27,s2-preprocess,v1.0,S2A_MSIL2A_20190514T135121_N0212_R024_T22MCT_20190514T160622,B11,s3://sentinel-s2-l2a/tiles/22/M/CT/2019/5/14/0/R20m/B11.jp2,2019-05-14 13:51:21
28,s2-preprocess,v1.0,S2A_MSIL2A_20190514T135121_N0212_R024_T22MCT_20190514T160622,B12,s3://sentinel-s2-l2a/tiles/22/M/CT/2019/5/14/0/R20m/B12.jp2,2019-05-14 13:51:21
29,s2-preprocess,v1.0,S2A_MSIL2A_20190514T135121_N0212_R024_T22MCT_20190514T160622,B8A,s3://sentinel-s2-l2a/tiles/22/M/CT/2019/5/14/0/R20m/B8A.jp2,2019-05-14 13:51:21
4,s2-generate_cloud_masks,v1.0-v2.0,S2A_MSIL2A_20190514T135121_N0212_R024_T22MCT_20190514T160622,cloud_mask,s3://mantlelabs-eu-s2/s2-generate_cloud_masks/v1.0-v2.0/S2A_MSIL2A_20190514T135121_N0212_R024_T22MCT_20190514T160622/cloud_mask/mask_0.0_certainty.tif,2019-05-14 13:51:21
30,s2-preprocess,v1.0,S2B_MSIL2A_20190519T135119_N0212_R024_T22MCT_20190519T160516,B02,s3://sentinel-s2-l2a/tiles/22/M/CT/2019/5/19/0/R10m/B02.jp2,2019-05-19 13:51:19
31,s2-preprocess,v1.0,S2B_MSIL2A_20190519T135119_N0212_R024_T22MCT_20190519T160516,B03,s3://sentinel-s2-l2a/tiles/22/M/CT/2019/5/19/0/R10m/B03.jp2,2019-05-19 13:51:19
32,s2-preprocess,v1.0,S2B_MSIL2A_20190519T135119_N0212_R024_T22MCT_20190519T160516,B04,s3://sentinel-s2-l2a/tiles/22/M/CT/2019/5/19/0/R10m/B04.jp2,2019-05-19 13:51:19
33,s2-preprocess,v1.0,S2B_MSIL2A_20190519T135119_N0212_R024_T22MCT_20190519T160516,B05,s3://sentinel-s2-l2a/tiles/22/M/CT/2019/5/19/0/R20m/B05.jp2,2019-05-19 13:51:19
34,s2-preprocess,v1.0,S2B_MSIL2A_20190519T135119_N0212_R024_T22MCT_20190519T160516,B06,s3://sentinel-s2-l2a/tiles/22/M/CT/2019/5/19/0/R20m/B06.jp2,2019-05-19 13:51:19
35,s2-preprocess,v1.0,S2B_MSIL2A_20190519T135119_N0212_R024_T22MCT_20190519T160516,B07,s3://sentinel-s2-l2a/tiles/22/M/CT/2019/5/19/0/R20m/B07.jp2,2019-05-19 13:51:19
36,s2-preprocess,v1.0,S2B_MSIL2A_20190519T135119_N0212_R024_T22MCT_20190519T160516,B08,s3://sentinel-s2-l2a/tiles/22/M/CT/2019/5/19/0/R10m/B08.jp2,2019-05-19 13:51:19
37,s2-preprocess,v1.0,S2B_MSIL2A_20190519T135119_N0212_R024_T22MCT_20190519T160516,B11,s3://sentinel-s2-l2a/tiles/22/M/CT/2019/5/19/0/R20m/B11.jp2,2019-05-19 13:51:19
38,s2-preprocess,v1.0,S2B_MSIL2A_20190519T135119_N0212_R024_T22MCT_20190519T160516,B12,s3://sentinel-s2-l2a/tiles/22/M/CT/2019/5/19/0/R20m/B12.jp2,2019-05-19 13:51:19
39,s2-preprocess,v1.0,S2B_MSIL2A_20190519T135119_N0212_R024_T22MCT_20190519T160516,B8A,s3://sentinel-s2-l2a/tiles/22/M/CT/2019/5/19/0/R20m/B8A.jp2,2019-05-19 13:51:19
6,s2-generate_cloud_masks,v1.0-v2.0,S2B_MSIL2A_20190519T135119_N0212_R024_T22MCT_20190519T160516,cloud_mask,s3://mantlelabs-eu-s2/s2-generate_cloud_masks/v1.0-v2.0/S2B_MSIL2A_20190519T135119_N0212_R024_T22MCT_20190519T160516/cloud_mask/mask_0.0_certainty.tif,2019-05-19 13:51:19
40,s2-preprocess,v1.0,S2A_MSIL2A_20190524T135121_N0212_R024_T22MCT_20190524T161941,B02,s3://sentinel-s2-l2a/tiles/22/M/CT/2019/5/24/0/R10m/B02.jp2,2019-05-24 13:51:21
41,s2-preprocess,v1.0,S2A_MSIL2A_20190524T135121_N0212_R024_T22MCT_20190524T161941,B03,s3://sentinel-s2-l2a/tiles/22/M/CT/2019/5/24/0/R10m/B03.jp2,2019-05-24 13:51:21
42,s2-preprocess,v1.0,S2A_MSIL2A_20190524T135121_N0212_R024_T22MCT_20190524T161941,B04,s3://sentinel-s2-l2a/tiles/22/M/CT/2019/5/24/0/R10m/B04.jp2,2019-05-24 13:51:21
43,s2-preprocess,v1.0,S2A_MSIL2A_20190524T135121_N0212_R024_T22MCT_20190524T161941,B05,s3://sentinel-s2-l2a/tiles/22/M/CT/2019/5/24/0/R20m/B05.jp2,2019-05-24 13:51:21
44,s2-preprocess,v1.0,S2A_MSIL2A_20190524T135121_N0212_R024_T22MCT_20190524T161941,B06,s3://sentinel-s2-l2a/tiles/22/M/CT/2019/5/24/0/R20m/B06.jp2,2019-05-24 13:51:21
45,s2-preprocess,v1.0,S2A_MSIL2A_20190524T135121_N0212_R024_T22MCT_20190524T161941,B07,s3://sentinel-s2-l2a/tiles/22/M/CT/2019/5/24/0/R20m/B07.jp2,2019-05-24 13:51:21
46,s2-preprocess,v1.0,S2A_MSIL2A_20190524T135121_N0212_R024_T22MCT_20190524T161941,B08,s3://sentinel-s2-l2a/tiles/22/M/CT/2019/5/24/0/R10m/B08.jp2,2019-05-24 13:51:21
47,s2-preprocess,v1.0,S2A_MSIL2A_20190524T135121_N0212_R024_T22MCT_20190524T161941,B11,s3://sentinel-s2-l2a/tiles/22/M/CT/2019/5/24/0/R20m/B11.jp2,2019-05-24 13:51:21
48,s2-preprocess,v1.0,S2A_MSIL2A_20190524T135121_N0212_R024_T22MCT_20190524T161941,B12,s3://sentinel-s2-l2a/tiles/22/M/CT/2019/5/24/0/R20m/B12.jp2,2019-05-24 13:51:21
49,s2-preprocess,v1.0,S2A_MSIL2A_20190524T135121_N0212_R024_T22MCT_20190524T161941,B8A,s3://sentinel-s2-l2a/tiles/22/M/CT/2019/5/24/0/R20m/B8A.jp2,2019-05-24 13:51:21
8,s2-generate_cloud_masks,v1.0-v2.0,S2A_MSIL2A_20190524T135121_N0212_R024_T22MCT_20190524T161941,cloud_mask,s3://mantlelabs-eu-s2/s2-generate_cloud_masks/v1.0-v2.0/S2A_MSIL2A_20190524T135121_N0212_R024_T22MCT_20190524T161941/cloud_mask/mask_0.0_certainty.tif,2019-05-24 13:51:21
50,s2-preprocess,v1.0,S2B_MSIL2A_20190529T135119_N0212_R024_T22MCT_20190529T193730,B02,s3://sentinel-s2-l2a/tiles/22/M/CT/2019/5/29/0/R10m/B02.jp2,2019-05-29 13:51:19
51,s2-preprocess,v1.0,S2B_MSIL2A_20190529T135119_N0212_R024_T22MCT_20190529T193730,B03,s3://sentinel-s2-l2a/tiles/22/M/CT/2019/5/29/0/R10m/B03.jp2,2019-05-29 13:51:19
52,s2-preprocess,v1.0,S2B_MSIL2A_20190529T135119_N0212_R024_T22MCT_20190529T193730,B04,s3://sentinel-s2-l2a/tiles/22/M/CT/2019/5/29/0/R10m/B04.jp2,2019-05-29 13:51:19
53,s2-preprocess,v1.0,S2B_MSIL2A_20190529T135119_N0212_R024_T22MCT_20190529T193730,B05,s3://sentinel-s2-l2a/tiles/22/M/CT/2019/5/29/0/R20m/B05.jp2,2019-05-29 13:51:19
54,s2-preprocess,v1.0,S2B_MSIL2A_20190529T135119_N0212_R024_T22MCT_20190529T193730,B06,s3://sentinel-s2-l2a/tiles/22/M/CT/2019/5/29/0/R20m/B06.jp2,2019-05-29 13:51:19
55,s2-preprocess,v1.0,S2B_MSIL2A_20190529T135119_N0212_R024_T22MCT_20190529T193730,B07,s3://sentinel-s2-l2a/tiles/22/M/CT/2019/5/29/0/R20m/B07.jp2,2019-05-29 13:51:19
56,s2-preprocess,v1.0,S2B_MSIL2A_20190529T135119_N0212_R024_T22MCT_20190529T193730,B08,s3://sentinel-s2-l2a/tiles/22/M/CT/2019/5/29/0/R10m/B08.jp2,2019-05-29 13:51:19
57,s2-preprocess,v1.0,S2B_MSIL2A_20190529T135119_N0212_R024_T22MCT_20190529T193730,B11,s3://sentinel-s2-l2a/tiles/22/M/CT/2019/5/29/0/R20m/B11.jp2,2019-05-29 13:51:19
58,s2-preprocess,v1.0,S2B_MSIL2A_20190529T135119_N0212_R024_T22MCT_20190529T193730,B12,s3://sentinel-s2-l2a/tiles/22/M/CT/2019/5/29/0/R20m/B12.jp2,2019-05-29 13:51:19
59,s2-preprocess,v1.0,S2B_MSIL2A_20190529T135119_N0212_R024_T22MCT_20190529T193730,B8A,s3://sentinel-s2-l2a/tiles/22/M/CT/2019/5/29/0/R20m/B8A.jp2,2019-05-29 13:51:19
10,s2-generate_cloud_masks,v1.0-v2.0,S2B_MSIL2A_20190529T135119_N0212_R024_T22MCT_20190529T193730,cloud_mask,s3://mantlelabs-eu-s2/s2-generate_cloud_masks/v1.0-v2.0/S2B_MSIL2A_20190529T135119_N0212_R024_T22MCT_20190529T193730/cloud_mask/mask_0.0_certainty.tif,2019-05-29 13:51:19
60,s2-preprocess,v1.0,S2A_MSIL2A_20190603T135111_N0212_R024_T22MCT_20190603T161651,B02,s3://sentinel-s2-l2a/tiles/22/M/CT/2019/6/3/0/R10m/B02.jp2,2019-06-03 13:51:11
61,s2-preprocess,v1.0,S2A_MSIL2A_20190603T135111_N0212_R024_T22MCT_20190603T161651,B03,s3://sentinel-s2-l2a/tiles/22/M/CT/2019/6/3/0/R10m/B03.jp2,2019-06-03 13:51:11
62,s2-preprocess,v1.0,S2A_MSIL2A_20190603T135111_N0212_R024_T22MCT_20190603T161651,B04,s3://sentinel-s2-l2a/tiles/22/M/CT/2019/6/3/0/R10m/B04.jp2,2019-06-03 13:51:11
63,s2-preprocess,v1.0,S2A_MSIL2A_20190603T135111_N0212_R024_T22MCT_20190603T161651,B05,s3://sentinel-s2-l2a/tiles/22/M/CT/2019/6/3/0/R20m/B05.jp2,2019-06-03 13:51:11
64,s2-preprocess,v1.0,S2A_MSIL2A_20190603T135111_N0212_R024_T22MCT_20190603T161651,B06,s3://sentinel-s2-l2a/tiles/22/M/CT/2019/6/3/0/R20m/B06.jp2,2019-06-03 13:51:11
65,s2-preprocess,v1.0,S2A_MSIL2A_20190603T135111_N0212_R024_T22MCT_20190603T161651,B07,s3://sentinel-s2-l2a/tiles/22/M/CT/2019/6/3/0/R20m/B07.jp2,2019-06-03 13:51:11
66,s2-preprocess,v1.0,S2A_MSIL2A_20190603T135111_N0212_R024_T22MCT_20190603T161651,B08,s3://sentinel-s2-l2a/tiles/22/M/CT/2019/6/3/0/R10m/B08.jp2,2019-06-03 13:51:11
67,s2-preprocess,v1.0,S2A_MSIL2A_20190603T135111_N0212_R024_T22MCT_20190603T161651,B11,s3://sentinel-s2-l2a/tiles/22/M/CT/2019/6/3/0/R20m/B11.jp2,2019-06-03 13:51:11
68,s2-preprocess,v1.0,S2A_MSIL2A_20190603T135111_N0212_R024_T22MCT_20190603T161651,B12,s3://sentinel-s2-l2a/tiles/22/M/CT/2019/6/3/0/R20m/B12.jp2,2019-06-03 13:51:11
69,s2-preprocess,v1.0,S2A_MSIL2A_20190603T135111_N0212_R024_T22MCT_20190603T161651,B8A,s3://sentinel-s2-l2a/tiles/22/M/CT/2019/6/3/0/R20m/B8A.jp2,2019-06-03 13:51:11
12,s2-generate_cloud_masks,v1.0-v2.0,S2A_MSIL2A_20190603T135111_N0212_R024_T22MCT_20190603T161651,cloud_mask,s3://mantlelabs-eu-s2/s2-generate_cloud_masks/v1.0-v2.0/S2A_MSIL2A_20190603T135111_N0212_R024_T22MCT_20190603T161651/cloud_mask/mask_0.0_certainty.tif,2019-06-03 13:51:11
70,s2-preprocess,v1.0,S2B_MSIL2A_20190608T135119_N0212_R024_T22MCT_20190608T175825,B02,s3://sentinel-s2-l2a/tiles/22/M/CT/2019/6/8/0/R10m/B02.jp2,2019-06-08 13:51:19
71,s2-preprocess,v1.0,S2B_MSIL2A_20190608T135119_N0212_R024_T22MCT_20190608T175825,B03,s3://sentinel-s2-l2a/tiles/22/M/CT/2019/6/8/0/R10m/B03.jp2,2019-06-08 13:51:19
72,s2-preprocess,v1.0,S2B_MSIL2A_20190608T135119_N0212_R024_T22MCT_20190608T175825,B04,s3://sentinel-s2-l2a/tiles/22/M/CT/2019/6/8/0/R10m/B04.jp2,2019-06-08 13:51:19
73,s2-preprocess,v1.0,S2B_MSIL2A_20190608T135119_N0212_R024_T22MCT_20190608T175825,B05,s3://sentinel-s2-l2a/tiles/22/M/CT/2019/6/8/0/R20m/B05.jp2,2019-06-08 13:51:19
74,s2-preprocess,v1.0,S2B_MSIL2A_20190608T135119_N0212_R024_T22MCT_20190608T175825,B06,s3://sentinel-s2-l2a/tiles/22/M/CT/2019/6/8/0/R20m/B06.jp2,2019-06-08 13:51:19
75,s2-preprocess,v1.0,S2B_MSIL2A_20190608T135119_N0212_R024_T22MCT_20190608T175825,B07,s3://sentinel-s2-l2a/tiles/22/M/CT/2019/6/8/0/R20m/B07.jp2,2019-06-08 13:51:19
76,s2-preprocess,v1.0,S2B_MSIL2A_20190608T135119_N0212_R024_T22MCT_20190608T175825,B08,s3://sentinel-s2-l2a/tiles/22/M/CT/2019/6/8/0/R10m/B08.jp2,2019-06-08 13:51:19
77,s2-preprocess,v1.0,S2B_MSIL2A_20190608T135119_N0212_R024_T22MCT_20190608T175825,B11,s3://sentinel-s2-l2a/tiles/22/M/CT/2019/6/8/0/R20m/B11.jp2,2019-06-08 13:51:19
78,s2-preprocess,v1.0,S2B_MSIL2A_20190608T135119_N0212_R024_T22MCT_20190608T175825,B12,s3://sentinel-s2-l2a/tiles/22/M/CT/2019/6/8/0/R20m/B12.jp2,2019-06-08 13:51:19
79,s2-preprocess,v1.0,S2B_MSIL2A_20190608T135119_N0212_R024_T22MCT_20190608T175825,B8A,s3://sentinel-s2-l2a/tiles/22/M/CT/2019/6/8/0/R20m/B8A.jp2,2019-06-08 13:51:19
14,s2-generate_cloud_masks,v1.0-v2.0,S2B_MSIL2A_20190608T135119_N0212_R024_T22MCT_20190608T175825,cloud_mask,s3://mantlelabs-eu-s2/s2-generate_cloud_masks/v1.0-v2.0/S2B_MSIL2A_20190608T135119_N0212_R024_T22MCT_20190608T175825/cloud_mask/mask_0.0_certainty.tif,2019-06-08 13:51:19
80,s2-preprocess,v1.0,S2A_MSIL2A_20190613T135121_N0212_R024_T22MCT_20190615T154837,B02,s3://sentinel-s2-l2a/tiles/22/M/CT/2019/6/13/0/R10m/B02.jp2,2019-06-13 13:51:21
81,s2-preprocess,v1.0,S2A_MSIL2A_20190613T135121_N0212_R024_T22MCT_20190615T154837,B03,s3://sentinel-s2-l2a/tiles/22/M/CT/2019/6/13/0/R10m/B03.jp2,2019-06-13 13:51:21
82,s2-preprocess,v1.0,S2A_MSIL2A_20190613T135121_N0212_R024_T22MCT_20190615T154837,B04,s3://sentinel-s2-l2a/tiles/22/M/CT/2019/6/13/0/R10m/B04.jp2,2019-06-13 13:51:21
83,s2-preprocess,v1.0,S2A_MSIL2A_20190613T135121_N0212_R024_T22MCT_20190615T154837,B05,s3://sentinel-s2-l2a/tiles/22/M/CT/2019/6/13/0/R20m/B05.jp2,2019-06-13 13:51:21
84,s2-preprocess,v1.0,S2A_MSIL2A_20190613T135121_N0212_R024_T22MCT_20190615T154837,B06,s3://sentinel-s2-l2a/tiles/22/M/CT/2019/6/13/0/R20m/B06.jp2,2019-06-13 13:51:21
85,s2-preprocess,v1.0,S2A_MSIL2A_20190613T135121_N0212_R024_T22MCT_20190615T154837,B07,s3://sentinel-s2-l2a/tiles/22/M/CT/2019/6/13/0/R20m/B07.jp2,2019-06-13 13:51:21
86,s2-preprocess,v1.0,S2A_MSIL2A_20190613T135121_N0212_R024_T22MCT_20190615T154837,B08,s3://sentinel-s2-l2a/tiles/22/M/CT/2019/6/13/0/R10m/B08.jp2,2019-06-13 13:51:21
87,s2-preprocess,v1.0,S2A_MSIL2A_20190613T135121_N0212_R024_T22MCT_20190615T154837,B11,s3://sentinel-s2-l2a/tiles/22/M/CT/2019/6/13/0/R20m/B11.jp2,2019-06-13 13:51:21
88,s2-preprocess,v1.0,S2A_MSIL2A_20190613T135121_N0212_R024_T22MCT_20190615T154837,B12,s3://sentinel-s2-l2a/tiles/22/M/CT/2019/6/13/0/R20m/B12.jp2,2019-06-13 13:51:21
89,s2-preprocess,v1.0,S2A_MSIL2A_20190613T135121_N0212_R024_T22MCT_20190615T154837,B8A,s3://sentinel-s2-l2a/tiles/22/M/CT/2019/6/13/0/R20m/B8A.jp2,2019-06-13 13:51:21
16,s2-generate_cloud_masks,v1.0-v2.0,S2A_MSIL2A_20190613T135121_N0212_R024_T22MCT_20190615T154837,cloud_mask,s3://mantlelabs-eu-s2/s2-generate_cloud_masks/v1.0-v2.0/S2A_MSIL2A_20190613T135121_N0212_R024_T22MCT_20190615T154837/cloud_mask/mask_0.0_certainty.tif,2019-06-13 13:51:21
90,s2-preprocess,v1.0,S2B_MSIL2A_20190618T135119_N0212_R024_T22MCT_20190618T192944,B02,s3://sentinel-s2-l2a/tiles/22/M/CT/2019/6/18/0/R10m/B02.jp2,2019-06-18 13:51:19
91,s2-preprocess,v1.0,S2B_MSIL2A_20190618T135119_N0212_R024_T22MCT_20190618T192944,B03,s3://sentinel-s2-l2a/tiles/22/M/CT/2019/6/18/0/R10m/B03.jp2,2019-06-18 13:51:19
92,s2-preprocess,v1.0,S2B_MSIL2A_20190618T135119_N0212_R024_T22MCT_20190618T192944,B04,s3://sentinel-s2-l2a/tiles/22/M/CT/2019/6/18/0/R10m/B04.jp2,2019-06-18 13:51:19
93,s2-preprocess,v1.0,S2B_MSIL2A_20190618T135119_N0212_R024_T22MCT_20190618T192944,B05,s3://sentinel-s2-l2a/tiles/22/M/CT/2019/6/18/0/R20m/B05.jp2,2019-06-18 13:51:19
94,s2-preprocess,v1.0,S2B_MSIL2A_20190618T135119_N0212_R024_T22MCT_20190618T192944,B06,s3://sentinel-s2-l2a/tiles/22/M/CT/2019/6/18/0/R20m/B06.jp2,2019-06-18 13:51:19
95,s2-preprocess,v1.0,S2B_MSIL2A_20190618T135119_N0212_R024_T22MCT_20190618T192944,B07,s3://sentinel-s2-l2a/tiles/22/M/CT/2019/6/18/0/R20m/B07.jp2,2019-06-18 13:51:19
96,s2-preprocess,v1.0,S2B_MSIL2A_20190618T135119_N0212_R024_T22MCT_20190618T192944,B08,s3://sentinel-s2-l2a/tiles/22/M/CT/2019/6/18/0/R10m/B08.jp2,2019-06-18 13:51:19
97,s2-preprocess,v1.0,S2B_MSIL2A_20190618T135119_N0212_R024_T22MCT_20190618T192944,B11,s3://sentinel-s2-l2a/tiles/22/M/CT/2019/6/18/0/R20m/B11.jp2,2019-06-18 13:51:19
98,s2-preprocess,v1.0,S2B_MSIL2A_20190618T135119_N0212_R024_T22MCT_20190618T192944,B12,s3://sentinel-s2-l2a/tiles/22/M/CT/2019/6/18/0/R20m/B12.jp2,2019-06-18 13:51:19
99,s2-preprocess,v1.0,S2B_MSIL2A_20190618T135119_N0212_R024_T22MCT_20190618T192944,B8A,s3://sentinel-s2-l2a/tiles/22/M/CT/2019/6/18/0/R20m/B8A.jp2,2019-06-18 13:51:19
18,s2-generate_cloud_masks,v1.0-v2.0,S2B_MSIL2A_20190618T135119_N0212_R024_T22MCT_20190618T192944,cloud_mask,s3://mantlelabs-eu-s2/s2-generate_cloud_masks/v1.0-v2.0/S2B_MSIL2A_20190618T135119_N0212_R024_T22MCT_20190618T192944/cloud_mask/mask_0.0_certainty.tif,2019-06-18 13:51:19
100,s2-preprocess,v1.0,S2A_MSIL2A_20190623T135121_N0212_R024_T22MCT_20190623T175900,B02,s3://sentinel-s2-l2a/tiles/22/M/CT/2019/6/23/0/R10m/B02.jp2,2019-06-23 13:51:21
101,s2-preprocess,v1.0,S2A_MSIL2A_20190623T135121_N0212_R024_T22MCT_20190623T175900,B03,s3://sentinel-s2-l2a/tiles/22/M/CT/2019/6/23/0/R10m/B03.jp2,2019-06-23 13:51:21
102,s2-preprocess,v1.0,S2A_MSIL2A_20190623T135121_N0212_R024_T22MCT_20190623T175900,B04,s3://sentinel-s2-l2a/tiles/22/M/CT/2019/6/23/0/R10m/B04.jp2,2019-06-23 13:51:21
103,s2-preprocess,v1.0,S2A_MSIL2A_20190623T135121_N0212_R024_T22MCT_20190623T175900,B05,s3://sentinel-s2-l2a/tiles/22/M/CT/2019/6/23/0/R20m/B05.jp2,2019-06-23 13:51:21
104,s2-preprocess,v1.0,S2A_MSIL2A_20190623T135121_N0212_R024_T22MCT_20190623T175900,B06,s3://sentinel-s2-l2a/tiles/22/M/CT/2019/6/23/0/R20m/B06.jp2,2019-06-23 13:51:21
105,s2-preprocess,v1.0,S2A_MSIL2A_20190623T135121_N0212_R024_T22MCT_20190623T175900,B07,s3://sentinel-s2-l2a/tiles/22/M/CT/2019/6/23/0/R20m/B07.jp2,2019-06-23 13:51:21
106,s2-preprocess,v1.0,S2A_MSIL2A_20190623T135121_N0212_R024_T22MCT_20190623T175900,B08,s3://sentinel-s2-l2a/tiles/22/M/CT/2019/6/23/0/R10m/B08.jp2,2019-06-23 13:51:21
107,s2-preprocess,v1.0,S2A_MSIL2A_20190623T135121_N0212_R024_T22MCT_20190623T175900,B11,s3://sentinel-s2-l2a/tiles/22/M/CT/2019/6/23/0/R20m/B11.jp2,2019-06-23 13:51:21
108,s2-preprocess,v1.0,S2A_MSIL2A_20190623T135121_N0212_R024_T22MCT_20190623T175900,B12,s3://sentinel-s2-l2a/tiles/22/M/CT/2019/6/23/0/R20m/B12.jp2,2019-06-23 13:51:21
109,s2-preprocess,v1.0,S2A_MSIL2A_20190623T135121_N0212_R024_T22MCT_20190623T175900,B8A,s3://sentinel-s2-l2a/tiles/22/M/CT/2019/6/23/0/R20m/B8A.jp2,2019-06-23 13:51:21
20,s2-generate_cloud_masks,v1.0-v2.0,S2A_MSIL2A_20190623T135121_N0212_R024_T22MCT_20190623T175900,cloud_mask,s3://mantlelabs-eu-s2/s2-generate_cloud_masks/v1.0-v2.0/S2A_MSIL2A_20190623T135121_N0212_R024_T22MCT_20190623T175900/cloud_mask/mask_0.0_certainty.tif,2019-06-23 13:51:21
110,s2-preprocess,v1.0,S2B_MSIL2A_20190628T135119_N0212_R024_T22MCT_20190628T173544,B02,s3://sentinel-s2-l2a/tiles/22/M/CT/2019/6/28/0/R10m/B02.jp2,2019-06-28 13:51:19
111,s2-preprocess,v1.0,S2B_MSIL2A_20190628T135119_N0212_R024_T22MCT_20190628T173544,B03,s3://sentinel-s2-l2a/tiles/22/M/CT/2019/6/28/0/R10m/B03.jp2,2019-06-28 13:51:19
112,s2-preprocess,v1.0,S2B_MSIL2A_20190628T135119_N0212_R024_T22MCT_20190628T173544,B04,s3://sentinel-s2-l2a/tiles/22/M/CT/2019/6/28/0/R10m/B04.jp2,2019-06-28 13:51:19
113,s2-preprocess,v1.0,S2B_MSIL2A_20190628T135119_N0212_R024_T22MCT_20190628T173544,B05,s3://sentinel-s2-l2a/tiles/22/M/CT/2019/6/28/0/R20m/B05.jp2,2019-06-28 13:51:19
114,s2-preprocess,v1.0,S2B_MSIL2A_20190628T135119_N0212_R024_T22MCT_20190628T173544,B06,s3://sentinel-s2-l2a/tiles/22/M/CT/2019/6/28/0/R20m/B06.jp2,2019-06-28 13:51:19
115,s2-preprocess,v1.0,S2B_MSIL2A_20190628T135119_N0212_R024_T22MCT_20190628T173544,B07,s3://sentinel-s2-l2a/tiles/22/M/CT/2019/6/28/0/R20m/B07.jp2,2019-06-28 13:51:19
116,s2-preprocess,v1.0,S2B_MSIL2A_20190628T135119_N0212_R024_T22MCT_20190628T173544,B08,s3://sentinel-s2-l2a/tiles/22/M/CT/2019/6/28/0/R10m/B08.jp2,2019-06-28 13:51:19
117,s2-preprocess,v1.0,S2B_MSIL2A_20190628T135119_N0212_R024_T22MCT_20190628T173544,B11,s3://sentinel-s2-l2a/tiles/22/M/CT/2019/6/28/0/R20m/B11.jp2,2019-06-28 13:51:19
118,s2-preprocess,v1.0,S2B_MSIL2A_20190628T135119_N0212_R024_T22MCT_20190628T173544,B12,s3://sentinel-s2-l2a/tiles/22/M/CT/2019/6/28/0/R20m/B12.jp2,2019-06-28 13:51:19
119,s2-preprocess,v1.0,S2B_MSIL2A_20190628T135119_N0212_R024_T22MCT_20190628T173544,B8A,s3://sentinel-s2-l2a/tiles/22/M/CT/2019/6/28/0/R20m/B8A.jp2,2019-06-28 13:51:19
22,s2-generate_cloud_masks,v1.0-v2.0,S2B_MSIL2A_20190628T135119_N0212_R024_T22MCT_20190628T173544,cloud_mask,s3://mantlelabs-eu-s2/s2-generate_cloud_masks/v1.0-v2.0/S2B_MSIL2A_20190628T135119_N0212_R024_T22MCT_20190628T173544/cloud_mask/mask_0.0_certainty.tif,2019-06-28 13:51:19
120,s2-preprocess,v1.0,S2A_MSIL2A_20190703T135121_N0212_R024_T22MCT_20190703T180116,B02,s3://sentinel-s2-l2a/tiles/22/M/CT/2019/7/3/0/R10m/B02.jp2,2019-07-03 13:51:21
121,s2-preprocess,v1.0,S2A_MSIL2A_20190703T135121_N0212_R024_T22MCT_20190703T180116,B03,s3://sentinel-s2-l2a/tiles/22/M/CT/2019/7/3/0/R10m/B03.jp2,2019-07-03 13:51:21
122,s2-preprocess,v1.0,S2A_MSIL2A_20190703T135121_N0212_R024_T22MCT_20190703T180116,B04,s3://sentinel-s2-l2a/tiles/22/M/CT/2019/7/3/0/R10m/B04.jp2,2019-07-03 13:51:21
123,s2-preprocess,v1.0,S2A_MSIL2A_20190703T135121_N0212_R024_T22MCT_20190703T180116,B05,s3://sentinel-s2-l2a/tiles/22/M/CT/2019/7/3/0/R20m/B05.jp2,2019-07-03 13:51:21
124,s2-preprocess,v1.0,S2A_MSIL2A_20190703T135121_N0212_R024_T22MCT_20190703T180116,B06,s3://sentinel-s2-l2a/tiles/22/M/CT/2019/7/3/0/R20m/B06.jp2,2019-07-03 13:51:21
125,s2-preprocess,v1.0,S2A_MSIL2A_20190703T135121_N0212_R024_T22MCT_20190703T180116,B07,s3://sentinel-s2-l2a/tiles/22/M/CT/2019/7/3/0/R20m/B07.jp2,2019-07-03 13:51:21
126,s2-preprocess,v1.0,S2A_MSIL2A_20190703T135121_N0212_R024_T22MCT_20190703T180116,B08,s3://sentinel-s2-l2a/tiles/22/M/CT/2019/7/3/0/R10m/B08.jp2,2019-07-03 13:51:21
127,s2-preprocess,v1.0,S2A_MSIL2A_20190703T135121_N0212_R024_T22MCT_20190703T180116,B11,s3://sentinel-s2-l2a/tiles/22/M/CT/2019/7/3/0/R20m/B11.jp2,2019-07-03 13:51:21
128,s2-preprocess,v1.0,S2A_MSIL2A_20190703T135121_N0212_R024_T22MCT_20190703T180116,B12,s3://sentinel-s2-l2a/tiles/22/M/CT/2019/7/3/0/R20m/B12.jp2,2019-07-03 13:51:21
129,s2-preprocess,v1.0,S2A_MSIL2A_20190703T135121_N0212_R024_T22MCT_20190703T180116,B8A,s3://sentinel-s2-l2a/tiles/22/M/CT/2019/7/3/0/R20m/B8A.jp2,2019-07-03 13:51:21
24,s2-generate_cloud_masks,v1.0-v2.0,S2A_MSIL2A_20190703T135121_N0212_R024_T22MCT_20190703T180116,cloud_mask,s3://mantlelabs-eu-s2/s2-generate_cloud_masks/v1.0-v2.0/S2A_MSIL2A_20190703T135121_N0212_R024_T22MCT_20190703T180116/cloud_mask/mask_0.0_certainty.tif,2019-07-03 13:51:21
130,s2-preprocess,v1.0,S2B_MSIL2A_20190708T135119_N0213_R024_T22MCT_20190708T175910,B02,s3://sentinel-s2-l2a/tiles/22/M/CT/2019/7/8/0/R10m/B02.jp2,2019-07-08 13:51:19
131,s2-preprocess,v1.0,S2B_MSIL2A_20190708T135119_N0213_R024_T22MCT_20190708T175910,B03,s3://sentinel-s2-l2a/tiles/22/M/CT/2019/7/8/0/R10m/B03.jp2,2019-07-08 13:51:19
132,s2-preprocess,v1.0,S2B_MSIL2A_20190708T135119_N0213_R024_T22MCT_20190708T175910,B04,s3://sentinel-s2-l2a/tiles/22/M/CT/2019/7/8/0/R10m/B04.jp2,2019-07-08 13:51:19
133,s2-preprocess,v1.0,S2B_MSIL2A_20190708T135119_N0213_R024_T22MCT_20190708T175910,B05,s3://sentinel-s2-l2a/tiles/22/M/CT/2019/7/8/0/R20m/B05.jp2,2019-07-08 13:51:19
134,s2-preprocess,v1.0,S2B_MSIL2A_20190708T135119_N0213_R024_T22MCT_20190708T175910,B06,s3://sentinel-s2-l2a/tiles/22/M/CT/2019/7/8/0/R20m/B06.jp2,2019-07-08 13:51:19
135,s2-preprocess,v1.0,S2B_MSIL2A_20190708T135119_N0213_R024_T22MCT_20190708T175910,B07,s3://sentinel-s2-l2a/tiles/22/M/CT/2019/7/8/0/R20m/B07.jp2,2019-07-08 13:51:19
136,s2-preprocess,v1.0,S2B_MSIL2A_20190708T135119_N0213_R024_T22MCT_20190708T175910,B08,s3://sentinel-s2-l2a/tiles/22/M/CT/2019/7/8/0/R10m/B08.jp2,2019-07-08 13:51:19
137,s2-preprocess,v1.0,S2B_MSIL2A_20190708T135119_N0213_R024_T22MCT_20190708T175910,B11,s3://sentinel-s2-l2a/tiles/22/M/CT/2019/7/8/0/R20m/B11.jp2,2019-07-08 13:51:19
138,s2-preprocess,v1.0,S2B_MSIL2A_20190708T135119_N0213_R024_T22MCT_20190708T175910,B12,s3://sentinel-s2-l2a/tiles/22/M/CT/2019/7/8/0/R20m/B12.jp2,2019-07-08 13:51:19
139,s2-preprocess,v1.0,S2B_MSIL2A_20190708T135119_N0213_R024_T22MCT_20190708T175910,B8A,s3://sentinel-s2-l2a/tiles/22/M/CT/2019/7/8/0/R20m/B8A.jp2,2019-07-08 13:51:19
26,s2-generate_cloud_masks,v1.0-v2.0,S2B_MSIL2A_20190708T135119_N0213_R024_T22MCT_20190708T175910,cloud_mask,s3://mantlelabs-eu-s2/s2-generate_cloud_masks/v1.0-v2.0/S2B_MSIL2A_20190708T135119_N0213_R024_T22MCT_20190708T175910/cloud_mask/mask_0.0_certainty.tif,2019-07-08 13:51:19
140,s2-preprocess,v1.0,S2A_MSIL2A_20190713T135121_N0213_R024_T22MCT_20190713T160303,B02,s3://sentinel-s2-l2a/tiles/22/M/CT/2019/7/13/0/R10m/B02.jp2,2019-07-13 13:51:21
141,s2-preprocess,v1.0,S2A_MSIL2A_20190713T135121_N0213_R024_T22MCT_20190713T160303,B03,s3://sentinel-s2-l2a/tiles/22/M/CT/2019/7/13/0/R10m/B03.jp2,2019-07-13 13:51:21
142,s2-preprocess,v1.0,S2A_MSIL2A_20190713T135121_N0213_R024_T22MCT_20190713T160303,B04,s3://sentinel-s2-l2a/tiles/22/M/CT/2019/7/13/0/R10m/B04.jp2,2019-07-13 13:51:21
143,s2-preprocess,v1.0,S2A_MSIL2A_20190713T135121_N0213_R024_T22MCT_20190713T160303,B05,s3://sentinel-s2-l2a/tiles/22/M/CT/2019/7/13/0/R20m/B05.jp2,2019-07-13 13:51:21
144,s2-preprocess,v1.0,S2A_MSIL2A_20190713T135121_N0213_R024_T22MCT_20190713T160303,B06,s3://sentinel-s2-l2a/tiles/22/M/CT/2019/7/13/0/R20m/B06.jp2,2019-07-13 13:51:21
145,s2-preprocess,v1.0,S2A_MSIL2A_20190713T135121_N0213_R024_T22MCT_20190713T160303,B07,s3://sentinel-s2-l2a/tiles/22/M/CT/2019/7/13/0/R20m/B07.jp2,2019-07-13 13:51:21
146,s2-preprocess,v1.0,S2A_MSIL2A_20190713T135121_N0213_R024_T22MCT_20190713T160303,B08,s3://sentinel-s2-l2a/tiles/22/M/CT/2019/7/13/0/R10m/B08.jp2,2019-07-13 13:51:21
147,s2-preprocess,v1.0,S2A_MSIL2A_20190713T135121_N0213_R024_T22MCT_20190713T160303,B11,s3://sentinel-s2-l2a/tiles/22/M/CT/2019/7/13/0/R20m/B11.jp2,2019-07-13 13:51:21
148,s2-preprocess,v1.0,S2A_MSIL2A_20190713T135121_N0213_R024_T22MCT_20190713T160303,B12,s3://sentinel-s2-l2a/tiles/22/M/CT/2019/7/13/0/R20m/B12.jp2,2019-07-13 13:51:21
149,s2-preprocess,v1.0,S2A_MSIL2A_20190713T135121_N0213_R024_T22MCT_20190713T160303,B8A,s3://sentinel-s2-l2a/tiles/22/M/CT/2019/7/13/0/R20m/B8A.jp2,2019-07-13 13:51:21
28,s2-generate_cloud_masks,v1.0-v2.0,S2A_MSIL2A_20190713T135121_N0213_R024_T22MCT_20190713T160303,cloud_mask,s3://mantlelabs-eu-s2/s2-generate_cloud_masks/v1.0-v2.0/S2A_MSIL2A_20190713T135121_N0213_R024_T22MCT_20190713T160303/cloud_mask/mask_0.0_certainty.tif,2019-07-13 13:51:21
150,s2-preprocess,v1.0,S2B_MSIL2A_20190718T135119_N0213_R024_T22MCT_20190718T173409,B02,s3://sentinel-s2-l2a/tiles/22/M/CT/2019/7/18/0/R10m/B02.jp2,2019-07-18 13:51:19
151,s2-preprocess,v1.0,S2B_MSIL2A_20190718T135119_N0213_R024_T22MCT_20190718T173409,B03,s3://sentinel-s2-l2a/tiles/22/M/CT/2019/7/18/0/R10m/B03.jp2,2019-07-18 13:51:19
152,s2-preprocess,v1.0,S2B_MSIL2A_20190718T135119_N0213_R024_T22MCT_20190718T173409,B04,s3://sentinel-s2-l2a/tiles/22/M/CT/2019/7/18/0/R10m/B04.jp2,2019-07-18 13:51:19
153,s2-preprocess,v1.0,S2B_MSIL2A_20190718T135119_N0213_R024_T22MCT_20190718T173409,B05,s3://sentinel-s2-l2a/tiles/22/M/CT/2019/7/18/0/R20m/B05.jp2,2019-07-18 13:51:19
154,s2-preprocess,v1.0,S2B_MSIL2A_20190718T135119_N0213_R024_T22MCT_20190718T173409,B06,s3://sentinel-s2-l2a/tiles/22/M/CT/2019/7/18/0/R20m/B06.jp2,2019-07-18 13:51:19
155,s2-preprocess,v1.0,S2B_MSIL2A_20190718T135119_N0213_R024_T22MCT_20190718T173409,B07,s3://sentinel-s2-l2a/tiles/22/M/CT/2019/7/18/0/R20m/B07.jp2,2019-07-18 13:51:19
156,s2-preprocess,v1.0,S2B_MSIL2A_20190718T135119_N0213_R024_T22MCT_20190718T173409,B08,s3://sentinel-s2-l2a/tiles/22/M/CT/2019/7/18/0/R10m/B08.jp2,2019-07-18 13:51:19
157,s2-preprocess,v1.0,S2B_MSIL2A_20190718T135119_N0213_R024_T22MCT_20190718T173409,B11,s3://sentinel-s2-l2a/tiles/22/M/CT/2019/7/18/0/R20m/B11.jp2,2019-07-18 13:51:19
158,s2-preprocess,v1.0,S2B_MSIL2A_20190718T135119_N0213_R024_T22MCT_20190718T173409,B12,s3://sentinel-s2-l2a/tiles/22/M/CT/2019/7/18/0/R20m/B12.jp2,2019-07-18 13:51:19
159,s2-preprocess,v1.0,S2B_MSIL2A_20190718T135119_N0213_R024_T22MCT_20190718T173409,B8A,s3://sentinel-s2-l2a/tiles/22/M/CT/2019/7/18/0/R20m/B8A.jp2,2019-07-18 13:51:19
30,s2-generate_cloud_masks,v1.0-v2.0,S2B_MSIL2A_20190718T135119_N0213_R024_T22MCT_20190718T173409,cloud_mask,s3://mantlelabs-eu-s2/s2-generate_cloud_masks/v1.0-v2.0/S2B_MSIL2A_20190718T135119_N0213_R024_T22MCT_20190718T173409/cloud_mask/mask_0.0_certainty.tif,2019-07-18 13:51:19
160,s2-preprocess,v1.0,S2A_MSIL2A_20190723T135121_N0213_R024_T22MCT_20190723T172146,B02,s3://sentinel-s2-l2a/tiles/22/M/CT/2019/7/23/0/R10m/B02.jp2,2019-07-23 13:51:21
161,s2-preprocess,v1.0,S2A_MSIL2A_20190723T135121_N0213_R024_T22MCT_20190723T172146,B03,s3://sentinel-s2-l2a/tiles/22/M/CT/2019/7/23/0/R10m/B03.jp2,2019-07-23 13:51:21
162,s2-preprocess,v1.0,S2A_MSIL2A_20190723T135121_N0213_R024_T22MCT_20190723T172146,B04,s3://sentinel-s2-l2a/tiles/22/M/CT/2019/7/23/0/R10m/B04.jp2,2019-07-23 13:51:21
163,s2-preprocess,v1.0,S2A_MSIL2A_20190723T135121_N0213_R024_T22MCT_20190723T172146,B05,s3://sentinel-s2-l2a/tiles/22/M/CT/2019/7/23/0/R20m/B05.jp2,2019-07-23 13:51:21
164,s2-preprocess,v1.0,S2A_MSIL2A_20190723T135121_N0213_R024_T22MCT_20190723T172146,B06,s3://sentinel-s2-l2a/tiles/22/M/CT/2019/7/23/0/R20m/B06.jp2,2019-07-23 13:51:21
165,s2-preprocess,v1.0,S2A_MSIL2A_20190723T135121_N0213_R024_T22MCT_20190723T172146,B07,s3://sentinel-s2-l2a/tiles/22/M/CT/2019/7/23/0/R20m/B07.jp2,2019-07-23 13:51:21
166,s2-preprocess,v1.0,S2A_MSIL2A_20190723T135121_N0213_R024_T22MCT_20190723T172146,B08,s3://sentinel-s2-l2a/tiles/22/M/CT/2019/7/23/0/R10m/B08.jp2,2019-07-23 13:51:21
167,s2-preprocess,v1.0,S2A_MSIL2A_20190723T135121_N0213_R024_T22MCT_20190723T172146,B11,s3://sentinel-s2-l2a/tiles/22/M/CT/2019/7/23/0/R20m/B11.jp2,2019-07-23 13:51:21
168,s2-preprocess,v1.0,S2A_MSIL2A_20190723T135121_N0213_R024_T22MCT_20190723T172146,B12,s3://sentinel-s2-l2a/tiles/22/M/CT/2019/7/23/0/R20m/B12.jp2,2019-07-23 13:51:21
169,s2-preprocess,v1.0,S2A_MSIL2A_20190723T135121_N0213_R024_T22MCT_20190723T172146,B8A,s3://sentinel-s2-l2a/tiles/22/M/CT/2019/7/23/0/R20m/B8A.jp2,2019-07-23 13:51:21
32,s2-generate_cloud_masks,v1.0-v2.0,S2A_MSIL2A_20190723T135121_N0213_R024_T22MCT_20190723T172146,cloud_mask,s3://mantlelabs-eu-s2/s2-generate_cloud_masks/v1.0-v2.0/S2A_MSIL2A_20190723T135121_N0213_R024_T22MCT_20190723T172146/cloud_mask/mask_0.0_certainty.tif,2019-07-23 13:51:21
170,s2-preprocess,v1.0,S2B_MSIL2A_20190728T135119_N0213_R024_T22MCT_20190728T161250,B02,s3://sentinel-s2-l2a/tiles/22/M/CT/2019/7/28/0/R10m/B02.jp2,2019-07-28 13:51:19
171,s2-preprocess,v1.0,S2B_MSIL2A_20190728T135119_N0213_R024_T22MCT_20190728T161250,B03,s3://sentinel-s2-l2a/tiles/22/M/CT/2019/7/28/0/R10m/B03.jp2,2019-07-28 13:51:19
172,s2-preprocess,v1.0,S2B_MSIL2A_20190728T135119_N0213_R024_T22MCT_20190728T161250,B04,s3://sentinel-s2-l2a/tiles/22/M/CT/2019/7/28/0/R10m/B04.jp2,2019-07-28 13:51:19
173,s2-preprocess,v1.0,S2B_MSIL2A_20190728T135119_N0213_R024_T22MCT_20190728T161250,B05,s3://sentinel-s2-l2a/tiles/22/M/CT/2019/7/28/0/R20m/B05.jp2,2019-07-28 13:51:19
174,s2-preprocess,v1.0,S2B_MSIL2A_20190728T135119_N0213_R024_T22MCT_20190728T161250,B06,s3://sentinel-s2-l2a/tiles/22/M/CT/2019/7/28/0/R20m/B06.jp2,2019-07-28 13:51:19
175,s2-preprocess,v1.0,S2B_MSIL2A_20190728T135119_N0213_R024_T22MCT_20190728T161250,B07,s3://sentinel-s2-l2a/tiles/22/M/CT/2019/7/28/0/R20m/B07.jp2,2019-07-28 13:51:19
176,s2-preprocess,v1.0,S2B_MSIL2A_20190728T135119_N0213_R024_T22MCT_20190728T161250,B08,s3://sentinel-s2-l2a/tiles/22/M/CT/2019/7/28/0/R10m/B08.jp2,2019-07-28 13:51:19
177,s2-preprocess,v1.0,S2B_MSIL2A_20190728T135119_N0213_R024_T22MCT_20190728T161250,B11,s3://sentinel-s2-l2a/tiles/22/M/CT/2019/7/28/0/R20m/B11.jp2,2019-07-28 13:51:19
178,s2-preprocess,v1.0,S2B_MSIL2A_20190728T135119_N0213_R024_T22MCT_20190728T161250,B12,s3://sentinel-s2-l2a/tiles/22/M/CT/2019/7/28/0/R20m/B12.jp2,2019-07-28 13:51:19
179,s2-preprocess,v1.0,S2B_MSIL2A_20190728T135119_N0213_R024_T22MCT_20190728T161250,B8A,s3://sentinel-s2-l2a/tiles/22/M/CT/2019/7/28/0/R20m/B8A.jp2,2019-07-28 13:51:19
34,s2-generate_cloud_masks,v1.0-v2.0,S2B_MSIL2A_20190728T135119_N0213_R024_T22MCT_20190728T161250,cloud_mask,s3://mantlelabs-eu-s2/s2-generate_cloud_masks/v1.0-v2.0/S2B_MSIL2A_20190728T135119_N0213_R024_T22MCT_20190728T161250/cloud_mask/mask_0.0_certainty.tif,2019-07-28 13:51:19
180,s2-preprocess,v1.0,S2A_MSIL2A_20190802T135121_N0213_R024_T22MCT_20190802T162149,B02,s3://sentinel-s2-l2a/tiles/22/M/CT/2019/8/2/0/R10m/B02.jp2,2019-08-02 13:51:21
181,s2-preprocess,v1.0,S2A_MSIL2A_20190802T135121_N0213_R024_T22MCT_20190802T162149,B03,s3://sentinel-s2-l2a/tiles/22/M/CT/2019/8/2/0/R10m/B03.jp2,2019-08-02 13:51:21
182,s2-preprocess,v1.0,S2A_MSIL2A_20190802T135121_N0213_R024_T22MCT_20190802T162149,B04,s3://sentinel-s2-l2a/tiles/22/M/CT/2019/8/2/0/R10m/B04.jp2,2019-08-02 13:51:21
183,s2-preprocess,v1.0,S2A_MSIL2A_20190802T135121_N0213_R024_T22MCT_20190802T162149,B05,s3://sentinel-s2-l2a/tiles/22/M/CT/2019/8/2/0/R20m/B05.jp2,2019-08-02 13:51:21
184,s2-preprocess,v1.0,S2A_MSIL2A_20190802T135121_N0213_R024_T22MCT_20190802T162149,B06,s3://sentinel-s2-l2a/tiles/22/M/CT/2019/8/2/0/R20m/B06.jp2,2019-08-02 13:51:21
185,s2-preprocess,v1.0,S2A_MSIL2A_20190802T135121_N0213_R024_T22MCT_20190802T162149,B07,s3://sentinel-s2-l2a/tiles/22/M/CT/2019/8/2/0/R20m/B07.jp2,2019-08-02 13:51:21
186,s2-preprocess,v1.0,S2A_MSIL2A_20190802T135121_N0213_R024_T22MCT_20190802T162149,B08,s3://sentinel-s2-l2a/tiles/22/M/CT/2019/8/2/0/R10m/B08.jp2,2019-08-02 13:51:21
187,s2-preprocess,v1.0,S2A_MSIL2A_20190802T135121_N0213_R024_T22MCT_20190802T162149,B11,s3://sentinel-s2-l2a/tiles/22/M/CT/2019/8/2/0/R20m/B11.jp2,2019-08-02 13:51:21
188,s2-preprocess,v1.0,S2A_MSIL2A_20190802T135121_N0213_R024_T22MCT_20190802T162149,B12,s3://sentinel-s2-l2a/tiles/22/M/CT/2019/8/2/0/R20m/B12.jp2,2019-08-02 13:51:21
189,s2-preprocess,v1.0,S2A_MSIL2A_20190802T135121_N0213_R024_T22MCT_20190802T162149,B8A,s3://sentinel-s2-l2a/tiles/22/M/CT/2019/8/2/0/R20m/B8A.jp2,2019-08-02 13:51:21
36,s2-generate_cloud_masks,v1.0-v2.0,S2A_MSIL2A_20190802T135121_N0213_R024_T22MCT_20190802T162149,cloud_mask,s3://mantlelabs-eu-s2/s2-generate_cloud_masks/v1.0-v2.0/S2A_MSIL2A_20190802T135121_N0213_R024_T22MCT_20190802T162149/cloud_mask/mask_0.0_certainty.tif,2019-08-02 13:51:21
190,s2-preprocess,v1.0,S2B_MSIL2A_20190807T135119_N0213_R024_T22MCT_20190807T175255,B02,s3://sentinel-s2-l2a/tiles/22/M/CT/2019/8/7/0/R10m/B02.jp2,2019-08-07 13:51:19
191,s2-preprocess,v1.0,S2B_MSIL2A_20190807T135119_N0213_R024_T22MCT_20190807T175255,B03,s3://sentinel-s2-l2a/tiles/22/M/CT/2019/8/7/0/R10m/B03.jp2,2019-08-07 13:51:19
192,s2-preprocess,v1.0,S2B_MSIL2A_20190807T135119_N0213_R024_T22MCT_20190807T175255,B04,s3://sentinel-s2-l2a/tiles/22/M/CT/2019/8/7/0/R10m/B04.jp2,2019-08-07 13:51:19
193,s2-preprocess,v1.0,S2B_MSIL2A_20190807T135119_N0213_R024_T22MCT_20190807T175255,B05,s3://sentinel-s2-l2a/tiles/22/M/CT/2019/8/7/0/R20m/B05.jp2,2019-08-07 13:51:19
194,s2-preprocess,v1.0,S2B_MSIL2A_20190807T135119_N0213_R024_T22MCT_20190807T175255,B06,s3://sentinel-s2-l2a/tiles/22/M/CT/2019/8/7/0/R20m/B06.jp2,2019-08-07 13:51:19
195,s2-preprocess,v1.0,S2B_MSIL2A_20190807T135119_N0213_R024_T22MCT_20190807T175255,B07,s3://sentinel-s2-l2a/tiles/22/M/CT/2019/8/7/0/R20m/B07.jp2,2019-08-07 13:51:19
196,s2-preprocess,v1.0,S2B_MSIL2A_20190807T135119_N0213_R024_T22MCT_20190807T175255,B08,s3://sentinel-s2-l2a/tiles/22/M/CT/2019/8/7/0/R10m/B08.jp2,2019-08-07 13:51:19
197,s2-preprocess,v1.0,S2B_MSIL2A_20190807T135119_N0213_R024_T22MCT_20190807T175255,B11,s3://sentinel-s2-l2a/tiles/22/M/CT/2019/8/7/0/R20m/B11.jp2,2019-08-07 13:51:19
198,s2-preprocess,v1.0,S2B_MSIL2A_20190807T135119_N0213_R024_T22MCT_20190807T175255,B12,s3://sentinel-s2-l2a/tiles/22/M/CT/2019/8/7/0/R20m/B12.jp2,2019-08-07 13:51:19
199,s2-preprocess,v1.0,S2B_MSIL2A_20190807T135119_N0213_R024_T22MCT_20190807T175255,B8A,s3://sentinel-s2-l2a/tiles/22/M/CT/2019/8/7/0/R20m/B8A.jp2,2019-08-07 13:51:19
38,s2-generate_cloud_masks,v1.0-v2.0,S2B_MSIL2A_20190807T135119_N0213_R024_T22MCT_20190807T175255,cloud_mask,s3://mantlelabs-eu-s2/s2-generate_cloud_masks/v1.0-v2.0/S2B_MSIL2A_20190807T135119_N0213_R024_T22MCT_20190807T175255/cloud_mask/mask_0.0_certainty.tif,2019-08-07 13:51:19
200,s2-preprocess,v1.0,S2A_MSIL2A_20190812T135121_N0213_R024_T22MCT_20190812T194611,B02,s3://sentinel-s2-l2a/tiles/22/M/CT/2019/8/12/0/R10m/B02.jp2,2019-08-12 13:51:21
201,s2-preprocess,v1.0,S2A_MSIL2A_20190812T135121_N0213_R024_T22MCT_20190812T194611,B03,s3://sentinel-s2-l2a/tiles/22/M/CT/2019/8/12/0/R10m/B03.jp2,2019-08-12 13:51:21
202,s2-preprocess,v1.0,S2A_MSIL2A_20190812T135121_N0213_R024_T22MCT_20190812T194611,B04,s3://sentinel-s2-l2a/tiles/22/M/CT/2019/8/12/0/R10m/B04.jp2,2019-08-12 13:51:21
203,s2-preprocess,v1.0,S2A_MSIL2A_20190812T135121_N0213_R024_T22MCT_20190812T194611,B05,s3://sentinel-s2-l2a/tiles/22/M/CT/2019/8/12/0/R20m/B05.jp2,2019-08-12 13:51:21
204,s2-preprocess,v1.0,S2A_MSIL2A_20190812T135121_N0213_R024_T22MCT_20190812T194611,B06,s3://sentinel-s2-l2a/tiles/22/M/CT/2019/8/12/0/R20m/B06.jp2,2019-08-12 13:51:21
205,s2-preprocess,v1.0,S2A_MSIL2A_20190812T135121_N0213_R024_T22MCT_20190812T194611,B07,s3://sentinel-s2-l2a/tiles/22/M/CT/2019/8/12/0/R20m/B07.jp2,2019-08-12 13:51:21
206,s2-preprocess,v1.0,S2A_MSIL2A_20190812T135121_N0213_R024_T22MCT_20190812T194611,B08,s3://sentinel-s2-l2a/tiles/22/M/CT/2019/8/12/0/R10m/B08.jp2,2019-08-12 13:51:21
207,s2-preprocess,v1.0,S2A_MSIL2A_20190812T135121_N0213_R024_T22MCT_20190812T194611,B11,s3://sentinel-s2-l2a/tiles/22/M/CT/2019/8/12/0/R20m/B11.jp2,2019-08-12 13:51:21
208,s2-preprocess,v1.0,S2A_MSIL2A_20190812T135121_N0213_R024_T22MCT_20190812T194611,B12,s3://sentinel-s2-l2a/tiles/22/M/CT/2019/8/12/0/R20m/B12.jp2,2019-08-12 13:51:21
209,s2-preprocess,v1.0,S2A_MSIL2A_20190812T135121_N0213_R024_T22MCT_20190812T194611,B8A,s3://sentinel-s2-l2a/tiles/22/M/CT/2019/8/12/0/R20m/B8A.jp2,2019-08-12 13:51:21
40,s2-generate_cloud_masks,v1.0-v2.0,S2A_MSIL2A_20190812T135121_N0213_R024_T22MCT_20190812T194611,cloud_mask,s3://mantlelabs-eu-s2/s2-generate_cloud_masks/v1.0-v2.0/S2A_MSIL2A_20190812T135121_N0213_R024_T22MCT_20190812T194611/cloud_mask/mask_0.0_certainty.tif,2019-08-12 13:51:21
210,s2-preprocess,v1.0,S2B_MSIL2A_20190817T135119_N0213_R024_T22MCT_20190817T194026,B02,s3://sentinel-s2-l2a/tiles/22/M/CT/2019/8/17/0/R10m/B02.jp2,2019-08-17 13:51:19
211,s2-preprocess,v1.0,S2B_MSIL2A_20190817T135119_N0213_R024_T22MCT_20190817T194026,B03,s3://sentinel-s2-l2a/tiles/22/M/CT/2019/8/17/0/R10m/B03.jp2,2019-08-17 13:51:19
212,s2-preprocess,v1.0,S2B_MSIL2A_20190817T135119_N0213_R024_T22MCT_20190817T194026,B04,s3://sentinel-s2-l2a/tiles/22/M/CT/2019/8/17/0/R10m/B04.jp2,2019-08-17 13:51:19
213,s2-preprocess,v1.0,S2B_MSIL2A_20190817T135119_N0213_R024_T22MCT_20190817T194026,B05,s3://sentinel-s2-l2a/tiles/22/M/CT/2019/8/17/0/R20m/B05.jp2,2019-08-17 13:51:19
214,s2-preprocess,v1.0,S2B_MSIL2A_20190817T135119_N0213_R024_T22MCT_20190817T194026,B06,s3://sentinel-s2-l2a/tiles/22/M/CT/2019/8/17/0/R20m/B06.jp2,2019-08-17 13:51:19
215,s2-preprocess,v1.0,S2B_MSIL2A_20190817T135119_N0213_R024_T22MCT_20190817T194026,B07,s3://sentinel-s2-l2a/tiles/22/M/CT/2019/8/17/0/R20m/B07.jp2,2019-08-17 13:51:19
216,s2-preprocess,v1.0,S2B_MSIL2A_20190817T135119_N0213_R024_T22MCT_20190817T194026,B08,s3://sentinel-s2-l2a/tiles/22/M/CT/2019/8/17/0/R10m/B08.jp2,2019-08-17 13:51:19
217,s2-preprocess,v1.0,S2B_MSIL2A_20190817T135119_N0213_R024_T22MCT_20190817T194026,B11,s3://sentinel-s2-l2a/tiles/22/M/CT/2019/8/17/0/R20m/B11.jp2,2019-08-17 13:51:19
218,s2-preprocess,v1.0,S2B_MSIL2A_20190817T135119_N0213_R024_T22MCT_20190817T194026,B12,s3://sentinel-s2-l2a/tiles/22/M/CT/2019/8/17/0/R20m/B12.jp2,2019-08-17 13:51:19
219,s2-preprocess,v1.0,S2B_MSIL2A_20190817T135119_N0213_R024_T22MCT_20190817T194026,B8A,s3://sentinel-s2-l2a/tiles/22/M/CT/2019/8/17/0/R20m/B8A.jp2,2019-08-17 13:51:19
42,s2-generate_cloud_masks,v1.0-v2.0,S2B_MSIL2A_20190817T135119_N0213_R024_T22MCT_20190817T194026,cloud_mask,s3://mantlelabs-eu-s2/s2-generate_cloud_masks/v1.0-v2.0/S2B_MSIL2A_20190817T135119_N0213_R024_T22MCT_20190817T194026/cloud_mask/mask_0.0_certainty.tif,2019-08-17 13:51:19
220,s2-preprocess,v1.0,S2A_MSIL2A_20190822T135111_N0213_R024_T22MCT_20190822T194543,B02,s3://sentinel-s2-l2a/tiles/22/M/CT/2019/8/22/0/R10m/B02.jp2,2019-08-22 13:51:11
221,s2-preprocess,v1.0,S2A_MSIL2A_20190822T135111_N0213_R024_T22MCT_20190822T194543,B03,s3://sentinel-s2-l2a/tiles/22/M/CT/2019/8/22/0/R10m/B03.jp2,2019-08-22 13:51:11
222,s2-preprocess,v1.0,S2A_MSIL2A_20190822T135111_N0213_R024_T22MCT_20190822T194543,B04,s3://sentinel-s2-l2a/tiles/22/M/CT/2019/8/22/0/R10m/B04.jp2,2019-08-22 13:51:11
223,s2-preprocess,v1.0,S2A_MSIL2A_20190822T135111_N0213_R024_T22MCT_20190822T194543,B05,s3://sentinel-s2-l2a/tiles/22/M/CT/2019/8/22/0/R20m/B05.jp2,2019-08-22 13:51:11
224,s2-preprocess,v1.0,S2A_MSIL2A_20190822T135111_N0213_R024_T22MCT_20190822T194543,B06,s3://sentinel-s2-l2a/tiles/22/M/CT/2019/8/22/0/R20m/B06.jp2,2019-08-22 13:51:11
225,s2-preprocess,v1.0,S2A_MSIL2A_20190822T135111_N0213_R024_T22MCT_20190822T194543,B07,s3://sentinel-s2-l2a/tiles/22/M/CT/2019/8/22/0/R20m/B07.jp2,2019-08-22 13:51:11
226,s2-preprocess,v1.0,S2A_MSIL2A_20190822T135111_N0213_R024_T22MCT_20190822T194543,B08,s3://sentinel-s2-l2a/tiles/22/M/CT/2019/8/22/0/R10m/B08.jp2,2019-08-22 13:51:11
227,s2-preprocess,v1.0,S2A_MSIL2A_20190822T135111_N0213_R024_T22MCT_20190822T194543,B11,s3://sentinel-s2-l2a/tiles/22/M/CT/2019/8/22/0/R20m/B11.jp2,2019-08-22 13:51:11
228,s2-preprocess,v1.0,S2A_MSIL2A_20190822T135111_N0213_R024_T22MCT_20190822T194543,B12,s3://sentinel-s2-l2a/tiles/22/M/CT/2019/8/22/0/R20m/B12.jp2,2019-08-22 13:51:11
229,s2-preprocess,v1.0,S2A_MSIL2A_20190822T135111_N0213_R024_T22MCT_20190822T194543,B8A,s3://sentinel-s2-l2a/tiles/22/M/CT/2019/8/22/0/R20m/B8A.jp2,2019-08-22 13:51:11
44,s2-generate_cloud_masks,v1.0-v2.0,S2A_MSIL2A_20190822T135111_N0213_R024_T22MCT_20190822T194543,cloud_mask,s3://mantlelabs-eu-s2/s2-generate_cloud_masks/v1.0-v2.0/S2A_MSIL2A_20190822T135111_N0213_R024_T22MCT_20190822T194543/cloud_mask/mask_0.0_certainty.tif,2019-08-22 13:51:11
230,s2-preprocess,v1.0,S2B_MSIL2A_20190827T135119_N0213_R024_T22MCT_20190827T175914,B02,s3://sentinel-s2-l2a/tiles/22/M/CT/2019/8/27/0/R10m/B02.jp2,2019-08-27 13:51:19
231,s2-preprocess,v1.0,S2B_MSIL2A_20190827T135119_N0213_R024_T22MCT_20190827T175914,B03,s3://sentinel-s2-l2a/tiles/22/M/CT/2019/8/27/0/R10m/B03.jp2,2019-08-27 13:51:19
232,s2-preprocess,v1.0,S2B_MSIL2A_20190827T135119_N0213_R024_T22MCT_20190827T175914,B04,s3://sentinel-s2-l2a/tiles/22/M/CT/2019/8/27/0/R10m/B04.jp2,2019-08-27 13:51:19
233,s2-preprocess,v1.0,S2B_MSIL2A_20190827T135119_N0213_R024_T22MCT_20190827T175914,B05,s3://sentinel-s2-l2a/tiles/22/M/CT/2019/8/27/0/R20m/B05.jp2,2019-08-27 13:51:19
234,s2-preprocess,v1.0,S2B_MSIL2A_20190827T135119_N0213_R024_T22MCT_20190827T175914,B06,s3://sentinel-s2-l2a/tiles/22/M/CT/2019/8/27/0/R20m/B06.jp2,2019-08-27 13:51:19
235,s2-preprocess,v1.0,S2B_MSIL2A_20190827T135119_N0213_R024_T22MCT_20190827T175914,B07,s3://sentinel-s2-l2a/tiles/22/M/CT/2019/8/27/0/R20m/B07.jp2,2019-08-27 13:51:19
236,s2-preprocess,v1.0,S2B_MSIL2A_20190827T135119_N0213_R024_T22MCT_20190827T175914,B08,s3://sentinel-s2-l2a/tiles/22/M/CT/2019/8/27/0/R10m/B08.jp2,2019-08-27 13:51:19
237,s2-preprocess,v1.0,S2B_MSIL2A_20190827T135119_N0213_R024_T22MCT_20190827T175914,B11,s3://sentinel-s2-l2a/tiles/22/M/CT/2019/8/27/0/R20m/B11.jp2,2019-08-27 13:51:19
238,s2-preprocess,v1.0,S2B_MSIL2A_20190827T135119_N0213_R024_T22MCT_20190827T175914,B12,s3://sentinel-s2-l2a/tiles/22/M/CT/2019/8/27/0/R20m/B12.jp2,2019-08-27 13:51:19
239,s2-preprocess,v1.0,S2B_MSIL2A_20190827T135119_N0213_R024_T22MCT_20190827T175914,B8A,s3://sentinel-s2-l2a/tiles/22/M/CT/2019/8/27/0/R20m/B8A.jp2,2019-08-27 13:51:19
46,s2-generate_cloud_masks,v1.0-v2.0,S2B_MSIL2A_20190827T135119_N0213_R024_T22MCT_20190827T175914,cloud_mask,s3://mantlelabs-eu-s2/s2-generate_cloud_masks/v1.0-v2.0/S2B_MSIL2A_20190827T135119_N0213_R024_T22MCT_20190827T175914/cloud_mask/mask_0.0_certainty.tif,2019-08-27 13:51:19
240,s2-preprocess,v1.0,S2A_MSIL2A_20190901T135111_N0213_R024_T22MCT_20190901T162403,B02,s3://sentinel-s2-l2a/tiles/22/M/CT/2019/9/1/0/R10m/B02.jp2,2019-09-01 13:51:11
241,s2-preprocess,v1.0,S2A_MSIL2A_20190901T135111_N0213_R024_T22MCT_20190901T162403,B03,s3://sentinel-s2-l2a/tiles/22/M/CT/2019/9/1/0/R10m/B03.jp2,2019-09-01 13:51:11
242,s2-preprocess,v1.0,S2A_MSIL2A_20190901T135111_N0213_R024_T22MCT_20190901T162403,B04,s3://sentinel-s2-l2a/tiles/22/M/CT/2019/9/1/0/R10m/B04.jp2,2019-09-01 13:51:11
243,s2-preprocess,v1.0,S2A_MSIL2A_20190901T135111_N0213_R024_T22MCT_20190901T162403,B05,s3://sentinel-s2-l2a/tiles/22/M/CT/2019/9/1/0/R20m/B05.jp2,2019-09-01 13:51:11
244,s2-preprocess,v1.0,S2A_MSIL2A_20190901T135111_N0213_R024_T22MCT_20190901T162403,B06,s3://sentinel-s2-l2a/tiles/22/M/CT/2019/9/1/0/R20m/B06.jp2,2019-09-01 13:51:11
245,s2-preprocess,v1.0,S2A_MSIL2A_20190901T135111_N0213_R024_T22MCT_20190901T162403,B07,s3://sentinel-s2-l2a/tiles/22/M/CT/2019/9/1/0/R20m/B07.jp2,2019-09-01 13:51:11
246,s2-preprocess,v1.0,S2A_MSIL2A_20190901T135111_N0213_R024_T22MCT_20190901T162403,B08,s3://sentinel-s2-l2a/tiles/22/M/CT/2019/9/1/0/R10m/B08.jp2,2019-09-01 13:51:11
247,s2-preprocess,v1.0,S2A_MSIL2A_20190901T135111_N0213_R024_T22MCT_20190901T162403,B11,s3://sentinel-s2-l2a/tiles/22/M/CT/2019/9/1/0/R20m/B11.jp2,2019-09-01 13:51:11
248,s2-preprocess,v1.0,S2A_MSIL2A_20190901T135111_N0213_R024_T22MCT_20190901T162403,B12,s3://sentinel-s2-l2a/tiles/22/M/CT/2019/9/1/0/R20m/B12.jp2,2019-09-01 13:51:11
249,s2-preprocess,v1.0,S2A_MSIL2A_20190901T135111_N0213_R024_T22MCT_20190901T162403,B8A,s3://sentinel-s2-l2a/tiles/22/M/CT/2019/9/1/0/R20m/B8A.jp2,2019-09-01 13:51:11
48,s2-generate_cloud_masks,v1.0-v2.0,S2A_MSIL2A_20190901T135111_N0213_R024_T22MCT_20190901T162403,cloud_mask,s3://mantlelabs-eu-s2/s2-generate_cloud_masks/v1.0-v2.0/S2A_MSIL2A_20190901T135111_N0213_R024_T22MCT_20190901T162403/cloud_mask/mask_0.0_certainty.tif,2019-09-01 13:51:11
250,s2-preprocess,v1.0,S2B_MSIL2A_20190906T135119_N0213_R024_T22MCT_20190906T193935,B02,s3://sentinel-s2-l2a/tiles/22/M/CT/2019/9/6/0/R10m/B02.jp2,2019-09-06 13:51:19
251,s2-preprocess,v1.0,S2B_MSIL2A_20190906T135119_N0213_R024_T22MCT_20190906T193935,B03,s3://sentinel-s2-l2a/tiles/22/M/CT/2019/9/6/0/R10m/B03.jp2,2019-09-06 13:51:19
252,s2-preprocess,v1.0,S2B_MSIL2A_20190906T135119_N0213_R024_T22MCT_20190906T193935,B04,s3://sentinel-s2-l2a/tiles/22/M/CT/2019/9/6/0/R10m/B04.jp2,2019-09-06 13:51:19
253,s2-preprocess,v1.0,S2B_MSIL2A_20190906T135119_N0213_R024_T22MCT_20190906T193935,B05,s3://sentinel-s2-l2a/tiles/22/M/CT/2019/9/6/0/R20m/B05.jp2,2019-09-06 13:51:19
254,s2-preprocess,v1.0,S2B_MSIL2A_20190906T135119_N0213_R024_T22MCT_20190906T193935,B06,s3://sentinel-s2-l2a/tiles/22/M/CT/2019/9/6/0/R20m/B06.jp2,2019-09-06 13:51:19
255,s2-preprocess,v1.0,S2B_MSIL2A_20190906T135119_N0213_R024_T22MCT_20190906T193935,B07,s3://sentinel-s2-l2a/tiles/22/M/CT/2019/9/6/0/R20m/B07.jp2,2019-09-06 13:51:19
256,s2-preprocess,v1.0,S2B_MSIL2A_20190906T135119_N0213_R024_T22MCT_20190906T193935,B08,s3://sentinel-s2-l2a/tiles/22/M/CT/2019/9/6/0/R10m/B08.jp2,2019-09-06 13:51:19
257,s2-preprocess,v1.0,S2B_MSIL2A_20190906T135119_N0213_R024_T22MCT_20190906T193935,B11,s3://sentinel-s2-l2a/tiles/22/M/CT/2019/9/6/0/R20m/B11.jp2,2019-09-06 13:51:19
258,s2-preprocess,v1.0,S2B_MSIL2A_20190906T135119_N0213_R024_T22MCT_20190906T193935,B12,s3://sentinel-s2-l2a/tiles/22/M/CT/2019/9/6/0/R20m/B12.jp2,2019-09-06 13:51:19
259,s2-preprocess,v1.0,S2B_MSIL2A_20190906T135119_N0213_R024_T22MCT_20190906T193935,B8A,s3://sentinel-s2-l2a/tiles/22/M/CT/2019/9/6/0/R20m/B8A.jp2,2019-09-06 13:51:19
50,s2-generate_cloud_masks,v1.0-v2.0,S2B_MSIL2A_20190906T135119_N0213_R024_T22MCT_20190906T193935,cloud_mask,s3://mantlelabs-eu-s2/s2-generate_cloud_masks/v1.0-v2.0/S2B_MSIL2A_20190906T135119_N0213_R024_T22MCT_20190906T193935/cloud_mask/mask_0.0_certainty.tif,2019-09-06 13:51:19
260,s2-preprocess,v1.0,S2A_MSIL2A_20190911T135111_N0213_R024_T22MCT_20190911T194140,B02,s3://sentinel-s2-l2a/tiles/22/M/CT/2019/9/11/0/R10m/B02.jp2,2019-09-11 13:51:11
261,s2-preprocess,v1.0,S2A_MSIL2A_20190911T135111_N0213_R024_T22MCT_20190911T194140,B03,s3://sentinel-s2-l2a/tiles/22/M/CT/2019/9/11/0/R10m/B03.jp2,2019-09-11 13:51:11
262,s2-preprocess,v1.0,S2A_MSIL2A_20190911T135111_N0213_R024_T22MCT_20190911T194140,B04,s3://sentinel-s2-l2a/tiles/22/M/CT/2019/9/11/0/R10m/B04.jp2,2019-09-11 13:51:11
263,s2-preprocess,v1.0,S2A_MSIL2A_20190911T135111_N0213_R024_T22MCT_20190911T194140,B05,s3://sentinel-s2-l2a/tiles/22/M/CT/2019/9/11/0/R20m/B05.jp2,2019-09-11 13:51:11
264,s2-preprocess,v1.0,S2A_MSIL2A_20190911T135111_N0213_R024_T22MCT_20190911T194140,B06,s3://sentinel-s2-l2a/tiles/22/M/CT/2019/9/11/0/R20m/B06.jp2,2019-09-11 13:51:11
265,s2-preprocess,v1.0,S2A_MSIL2A_20190911T135111_N0213_R024_T22MCT_20190911T194140,B07,s3://sentinel-s2-l2a/tiles/22/M/CT/2019/9/11/0/R20m/B07.jp2,2019-09-11 13:51:11
266,s2-preprocess,v1.0,S2A_MSIL2A_20190911T135111_N0213_R024_T22MCT_20190911T194140,B08,s3://sentinel-s2-l2a/tiles/22/M/CT/2019/9/11/0/R10m/B08.jp2,2019-09-11 13:51:11
267,s2-preprocess,v1.0,S2A_MSIL2A_20190911T135111_N0213_R024_T22MCT_20190911T194140,B11,s3://sentinel-s2-l2a/tiles/22/M/CT/2019/9/11/0/R20m/B11.jp2,2019-09-11 13:51:11
268,s2-preprocess,v1.0,S2A_MSIL2A_20190911T135111_N0213_R024_T22MCT_20190911T194140,B12,s3://sentinel-s2-l2a/tiles/22/M/CT/2019/9/11/0/R20m/B12.jp2,2019-09-11 13:51:11
269,s2-preprocess,v1.0,S2A_MSIL2A_20190911T135111_N0213_R024_T22MCT_20190911T194140,B8A,s3://sentinel-s2-l2a/tiles/22/M/CT/2019/9/11/0/R20m/B8A.jp2,2019-09-11 13:51:11
52,s2-generate_cloud_masks,v1.0-v2.0,S2A_MSIL2A_20190911T135111_N0213_R024_T22MCT_20190911T194140,cloud_mask,s3://mantlelabs-eu-s2/s2-generate_cloud_masks/v1.0-v2.0/S2A_MSIL2A_20190911T135111_N0213_R024_T22MCT_20190911T194140/cloud_mask/mask_0.0_certainty.tif,2019-09-11 13:51:11
270,s2-preprocess,v1.0,S2B_MSIL2A_20190916T135109_N0213_R024_T22MCT_20190916T192643,B02,s3://sentinel-s2-l2a/tiles/22/M/CT/2019/9/16/0/R10m/B02.jp2,2019-09-16 13:51:09
271,s2-preprocess,v1.0,S2B_MSIL2A_20190916T135109_N0213_R024_T22MCT_20190916T192643,B03,s3://sentinel-s2-l2a/tiles/22/M/CT/2019/9/16/0/R10m/B03.jp2,2019-09-16 13:51:09
272,s2-preprocess,v1.0,S2B_MSIL2A_20190916T135109_N0213_R024_T22MCT_20190916T192643,B04,s3://sentinel-s2-l2a/tiles/22/M/CT/2019/9/16/0/R10m/B04.jp2,2019-09-16 13:51:09
273,s2-preprocess,v1.0,S2B_MSIL2A_20190916T135109_N0213_R024_T22MCT_20190916T192643,B05,s3://sentinel-s2-l2a/tiles/22/M/CT/2019/9/16/0/R20m/B05.jp2,2019-09-16 13:51:09
274,s2-preprocess,v1.0,S2B_MSIL2A_20190916T135109_N0213_R024_T22MCT_20190916T192643,B06,s3://sentinel-s2-l2a/tiles/22/M/CT/2019/9/16/0/R20m/B06.jp2,2019-09-16 13:51:09
275,s2-preprocess,v1.0,S2B_MSIL2A_20190916T135109_N0213_R024_T22MCT_20190916T192643,B07,s3://sentinel-s2-l2a/tiles/22/M/CT/2019/9/16/0/R20m/B07.jp2,2019-09-16 13:51:09
276,s2-preprocess,v1.0,S2B_MSIL2A_20190916T135109_N0213_R024_T22MCT_20190916T192643,B08,s3://sentinel-s2-l2a/tiles/22/M/CT/2019/9/16/0/R10m/B08.jp2,2019-09-16 13:51:09
277,s2-preprocess,v1.0,S2B_MSIL2A_20190916T135109_N0213_R024_T22MCT_20190916T192643,B11,s3://sentinel-s2-l2a/tiles/22/M/CT/2019/9/16/0/R20m/B11.jp2,2019-09-16 13:51:09
278,s2-preprocess,v1.0,S2B_MSIL2A_20190916T135109_N0213_R024_T22MCT_20190916T192643,B12,s3://sentinel-s2-l2a/tiles/22/M/CT/2019/9/16/0/R20m/B12.jp2,2019-09-16 13:51:09
279,s2-preprocess,v1.0,S2B_MSIL2A_20190916T135109_N0213_R024_T22MCT_20190916T192643,B8A,s3://sentinel-s2-l2a/tiles/22/M/CT/2019/9/16/0/R20m/B8A.jp2,2019-09-16 13:51:09
54,s2-generate_cloud_masks,v1.0-v2.0,S2B_MSIL2A_20190916T135109_N0213_R024_T22MCT_20190916T192643,cloud_mask,s3://mantlelabs-eu-s2/s2-generate_cloud_masks/v1.0-v2.0/S2B_MSIL2A_20190916T135109_N0213_R024_T22MCT_20190916T192643/cloud_mask/mask_0.0_certainty.tif,2019-09-16 13:51:09
280,s2-preprocess,v1.0,S2A_MSIL2A_20190921T135111_N0213_R024_T22MCT_20190921T162235,B02,s3://sentinel-s2-l2a/tiles/22/M/CT/2019/9/21/0/R10m/B02.jp2,2019-09-21 13:51:11
281,s2-preprocess,v1.0,S2A_MSIL2A_20190921T135111_N0213_R024_T22MCT_20190921T162235,B03,s3://sentinel-s2-l2a/tiles/22/M/CT/2019/9/21/0/R10m/B03.jp2,2019-09-21 13:51:11
282,s2-preprocess,v1.0,S2A_MSIL2A_20190921T135111_N0213_R024_T22MCT_20190921T162235,B04,s3://sentinel-s2-l2a/tiles/22/M/CT/2019/9/21/0/R10m/B04.jp2,2019-09-21 13:51:11
283,s2-preprocess,v1.0,S2A_MSIL2A_20190921T135111_N0213_R024_T22MCT_20190921T162235,B05,s3://sentinel-s2-l2a/tiles/22/M/CT/2019/9/21/0/R20m/B05.jp2,2019-09-21 13:51:11
284,s2-preprocess,v1.0,S2A_MSIL2A_20190921T135111_N0213_R024_T22MCT_20190921T162235,B06,s3://sentinel-s2-l2a/tiles/22/M/CT/2019/9/21/0/R20m/B06.jp2,2019-09-21 13:51:11
285,s2-preprocess,v1.0,S2A_MSIL2A_20190921T135111_N0213_R024_T22MCT_20190921T162235,B07,s3://sentinel-s2-l2a/tiles/22/M/CT/2019/9/21/0/R20m/B07.jp2,2019-09-21 13:51:11
286,s2-preprocess,v1.0,S2A_MSIL2A_20190921T135111_N0213_R024_T22MCT_20190921T162235,B08,s3://sentinel-s2-l2a/tiles/22/M/CT/2019/9/21/0/R10m/B08.jp2,2019-09-21 13:51:11
287,s2-preprocess,v1.0,S2A_MSIL2A_20190921T135111_N0213_R024_T22MCT_20190921T162235,B11,s3://sentinel-s2-l2a/tiles/22/M/CT/2019/9/21/0/R20m/B11.jp2,2019-09-21 13:51:11
288,s2-preprocess,v1.0,S2A_MSIL2A_20190921T135111_N0213_R024_T22MCT_20190921T162235,B12,s3://sentinel-s2-l2a/tiles/22/M/CT/2019/9/21/0/R20m/B12.jp2,2019-09-21 13:51:11
289,s2-preprocess,v1.0,S2A_MSIL2A_20190921T135111_N0213_R024_T22MCT_20190921T162235,B8A,s3://sentinel-s2-l2a/tiles/22/M/CT/2019/9/21/0/R20m/B8A.jp2,2019-09-21 13:51:11
56,s2-generate_cloud_masks,v1.0-v2.0,S2A_MSIL2A_20190921T135111_N0213_R024_T22MCT_20190921T162235,cloud_mask,s3://mantlelabs-eu-s2/s2-generate_cloud_masks/v1.0-v2.0/S2A_MSIL2A_20190921T135111_N0213_R024_T22MCT_20190921T162235/cloud_mask/mask_0.0_certainty.tif,2019-09-21 13:51:11
290,s2-preprocess,v1.0,S2B_MSIL2A_20190926T135109_N0213_R024_T22MCT_20190926T175851,B02,s3://sentinel-s2-l2a/tiles/22/M/CT/2019/9/26/0/R10m/B02.jp2,2019-09-26 13:51:09
291,s2-preprocess,v1.0,S2B_MSIL2A_20190926T135109_N0213_R024_T22MCT_20190926T175851,B03,s3://sentinel-s2-l2a/tiles/22/M/CT/2019/9/26/0/R10m/B03.jp2,2019-09-26 13:51:09
292,s2-preprocess,v1.0,S2B_MSIL2A_20190926T135109_N0213_R024_T22MCT_20190926T175851,B04,s3://sentinel-s2-l2a/tiles/22/M/CT/2019/9/26/0/R10m/B04.jp2,2019-09-26 13:51:09
293,s2-preprocess,v1.0,S2B_MSIL2A_20190926T135109_N0213_R024_T22MCT_20190926T175851,B05,s3://sentinel-s2-l2a/tiles/22/M/CT/2019/9/26/0/R20m/B05.jp2,2019-09-26 13:51:09
294,s2-preprocess,v1.0,S2B_MSIL2A_20190926T135109_N0213_R024_T22MCT_20190926T175851,B06,s3://sentinel-s2-l2a/tiles/22/M/CT/2019/9/26/0/R20m/B06.jp2,2019-09-26 13:51:09
295,s2-preprocess,v1.0,S2B_MSIL2A_20190926T135109_N0213_R024_T22MCT_20190926T175851,B07,s3://sentinel-s2-l2a/tiles/22/M/CT/2019/9/26/0/R20m/B07.jp2,2019-09-26 13:51:09
296,s2-preprocess,v1.0,S2B_MSIL2A_20190926T135109_N0213_R024_T22MCT_20190926T175851,B08,s3://sentinel-s2-l2a/tiles/22/M/CT/2019/9/26/0/R10m/B08.jp2,2019-09-26 13:51:09
297,s2-preprocess,v1.0,S2B_MSIL2A_20190926T135109_N0213_R024_T22MCT_20190926T175851,B11,s3://sentinel-s2-l2a/tiles/22/M/CT/2019/9/26/0/R20m/B11.jp2,2019-09-26 13:51:09
298,s2-preprocess,v1.0,S2B_MSIL2A_20190926T135109_N0213_R024_T22MCT_20190926T175851,B12,s3://sentinel-s2-l2a/tiles/22/M/CT/2019/9/26/0/R20m/B12.jp2,2019-09-26 13:51:09
299,s2-preprocess,v1.0,S2B_MSIL2A_20190926T135109_N0213_R024_T22MCT_20190926T175851,B8A,s3://sentinel-s2-l2a/tiles/22/M/CT/2019/9/26/0/R20m/B8A.jp2,2019-09-26 13:51:09
58,s2-generate_cloud_masks,v1.0-v2.0,S2B_MSIL2A_20190926T135109_N0213_R024_T22MCT_20190926T175851,cloud_mask,s3://mantlelabs-eu-s2/s2-generate_cloud_masks/v1.0-v2.0/S2B_MSIL2A_20190926T135109_N0213_R024_T22MCT_20190926T175851/cloud_mask/mask_0.0_certainty.tif,2019-09-26 13:51:09
